{"cameraMode":{"drawMode":2,"name":"Shaded Wireframe","section":"Shading Mode"},"sceneLighting":true,"audioPlay":false,"sceneViewState":{"m_AlwaysRefresh":false,"showFog":true,"showSkybox":true,"showFlares":true,"showImageEffects":true,"showParticleSystems":true,"showVisualEffectGraphs":true,"m_FxEnabled":true},"in2DMode":false,"pivot":{"x":0.26443564891815188,"y":1.0865809917449952,"z":-1.1158498525619507},"rotation":{"x":-0.061391692608594897,"y":-0.20814816653728486,"z":0.01309008989483118,"w":-0.9761412143707275},"size":0.5470787286758423,"orthographic":false}