{"cameraMode":{"drawMode":0,"name":"Shaded","section":"Shading Mode"},"sceneLighting":false,"audioPlay":false,"sceneViewState":{"m_AlwaysRefresh":false,"showFog":true,"showSkybox":true,"showFlares":true,"showImageEffects":true,"showParticleSystems":true,"showVisualEffectGraphs":true,"m_FxEnabled":true},"in2DMode":false,"pivot":{"x":0.01086872722953558,"y":0.7039964199066162,"z":-1.4626408815383912},"rotation":{"x":0.10400841385126114,"y":-0.009749501943588257,"z":0.0010243753204122186,"w":0.9945480823516846},"size":0.9461742043495178,"orthographic":false}