{"cameraMode":{"drawMode":0,"name":"Shaded","section":"Shading Mode"},"sceneLighting":false,"audioPlay":false,"sceneViewState":{"m_AlwaysRefresh":false,"showFog":true,"showSkybox":true,"showFlares":true,"showImageEffects":true,"showParticleSystems":true,"showVisualEffectGraphs":true,"m_FxEnabled":true},"in2DMode":false,"pivot":{"x":-0.12469600886106491,"y":0.8876442313194275,"z":-1.5233969688415528},"rotation":{"x":-0.005960134789347649,"y":0.11235179752111435,"z":-0.0006756231305189431,"w":-0.993689239025116},"size":0.4403561055660248,"orthographic":false}