{"cameraMode":{"drawMode":0,"name":"Shaded","section":"Shading Mode"},"sceneLighting":false,"audioPlay":false,"sceneViewState":{"m_AlwaysRefresh":false,"showFog":true,"showSkybox":true,"showFlares":true,"showImageEffects":true,"showParticleSystems":true,"showVisualEffectGraphs":true,"m_FxEnabled":true},"in2DMode":false,"pivot":{"x":-0.2650538980960846,"y":0.6134282350540161,"z":-1.7541502714157105},"rotation":{"x":0.2097148597240448,"y":0.22471261024475099,"z":-0.0495852567255497,"w":0.9503026604652405},"size":0.23786085844039918,"orthographic":false}