{"cameraMode":{"drawMode":0,"name":"Shaded","section":"Shading Mode"},"sceneLighting":false,"audioPlay":false,"sceneViewState":{"m_AlwaysRefresh":false,"showFog":true,"showSkybox":true,"showFlares":true,"showImageEffects":true,"showParticleSystems":true,"showVisualEffectGraphs":true,"m_FxEnabled":true},"in2DMode":false,"pivot":{"x":0.005911888554692268,"y":0.9265891909599304,"z":-1.6092100143432618},"rotation":{"x":-0.005833577364683151,"y":-0.23558200895786286,"z":0.001395267783664167,"w":-0.971879780292511},"size":0.2630682587623596,"orthographic":false}