{"cameraMode":{"drawMode":0,"name":"Shaded","section":"Shading Mode"},"sceneLighting":false,"audioPlay":false,"sceneViewState":{"m_AlwaysRefresh":false,"showFog":true,"showSkybox":true,"showFlares":true,"showImageEffects":true,"showParticleSystems":true,"showVisualEffectGraphs":true,"m_FxEnabled":true},"in2DMode":false,"pivot":{"x":-0.34535324573516848,"y":1.255090594291687,"z":-1.7131664752960206},"rotation":{"x":-0.11903086304664612,"y":-0.22107137739658357,"z":0.027192842215299608,"w":-0.9676242470741272},"size":0.2513447105884552,"orthographic":false}