{"cameraMode":{"drawMode":0,"name":"Shaded","section":"Shading Mode"},"sceneLighting":false,"audioPlay":false,"sceneViewState":{"m_AlwaysRefresh":false,"showFog":true,"showSkybox":true,"showFlares":true,"showImageEffects":true,"showParticleSystems":true,"showVisualEffectGraphs":true,"m_FxEnabled":true},"in2DMode":false,"pivot":{"x":-0.009626699611544609,"y":0.8829286694526672,"z":-1.250924825668335},"rotation":{"x":-0.07094021141529083,"y":0.006172426976263523,"z":-0.0004537828790489584,"w":-0.9975088238716126},"size":0.4450658857822418,"orthographic":false}