{"cameraMode":{"drawMode":0,"name":"Shaded","section":"Shading Mode"},"sceneLighting":false,"audioPlay":false,"sceneViewState":{"m_AlwaysRefresh":false,"showFog":true,"showSkybox":true,"showFlares":true,"showImageEffects":true,"showParticleSystems":true,"showVisualEffectGraphs":true,"m_FxEnabled":true},"in2DMode":false,"pivot":{"x":-0.016007984057068826,"y":0.7533423900604248,"z":-1.0825934410095215},"rotation":{"x":-0.08100108057260513,"y":-0.451386421918869,"z":0.041196200996637347,"w":-0.887717068195343},"size":0.4204658567905426,"orthographic":false}