{"cameraMode":{"drawMode":0,"name":"Shaded","section":"Shading Mode"},"sceneLighting":true,"audioPlay":false,"sceneViewState":{"m_AlwaysRefresh":false,"showFog":true,"showSkybox":true,"showFlares":true,"showImageEffects":true,"showParticleSystems":true,"showVisualEffectGraphs":true,"m_FxEnabled":true},"in2DMode":false,"pivot":{"x":0.8936993479728699,"y":0.7148343324661255,"z":2.8991832733154299},"rotation":{"x":-0.028451446443796159,"y":0.15638817846775056,"z":-0.004506888799369335,"w":-0.9872840642929077},"size":2.7132697105407717,"orthographic":false}