{"cameraMode":{"drawMode":0,"name":"Shaded","section":"Shading Mode"},"sceneLighting":false,"audioPlay":false,"sceneViewState":{"m_AlwaysRefresh":false,"showFog":true,"showSkybox":true,"showFlares":true,"showImageEffects":true,"showParticleSystems":true,"showVisualEffectGraphs":true,"m_FxEnabled":true},"in2DMode":false,"pivot":{"x":1.4302051067352296,"y":-0.10785263776779175,"z":0.38864666223526},"rotation":{"x":0.17635980248451234,"y":0.20235414803028108,"z":-0.03706875815987587,"w":0.9626078009605408},"size":2.162205696105957,"orthographic":false}