{"cameraMode":{"drawMode":0,"name":"Shaded","section":"Shading Mode"},"sceneLighting":false,"audioPlay":false,"sceneViewState":{"m_AlwaysRefresh":false,"showFog":true,"showSkybox":true,"showFlares":true,"showImageEffects":true,"showParticleSystems":true,"showVisualEffectGraphs":true,"m_FxEnabled":true},"in2DMode":false,"pivot":{"x":0.06367729604244232,"y":0.708733081817627,"z":-1.4705051183700562},"rotation":{"x":-0.3930995464324951,"y":0.008443382568657399,"z":-0.0036262425128370525,"w":-0.9195016622543335},"size":0.27444082498550417,"orthographic":false}