{"cameraMode":{"drawMode":0,"name":"Shaded","section":"Shading Mode"},"sceneLighting":false,"audioPlay":false,"sceneViewState":{"m_AlwaysRefresh":false,"showFog":true,"showSkybox":true,"showFlares":true,"showImageEffects":true,"showParticleSystems":true,"showVisualEffectGraphs":true,"m_FxEnabled":true},"in2DMode":false,"pivot":{"x":-0.02207295037806034,"y":0.9512491822242737,"z":-1.2413108348846436},"rotation":{"x":-0.07094021141529083,"y":0.006172426976263523,"z":-0.0004537828790489584,"w":-0.9975088238716126},"size":0.39000973105430605,"orthographic":false}