{"cameraMode":{"drawMode":0,"name":"Shaded","section":"Shading Mode"},"sceneLighting":false,"audioPlay":false,"sceneViewState":{"m_AlwaysRefresh":false,"showFog":true,"showSkybox":true,"showFlares":true,"showImageEffects":true,"showParticleSystems":true,"showVisualEffectGraphs":true,"m_FxEnabled":true},"in2DMode":false,"pivot":{"x":-0.47332704067230227,"y":0.8342624306678772,"z":-1.2299892902374268},"rotation":{"x":0.2075270563364029,"y":-0.47369858622550967,"z":-0.11592981964349747,"w":-0.8480376601219177},"size":0.10783368349075318,"orthographic":false}