{"cameraMode":{"drawMode":0,"name":"Shaded","section":"Shading Mode"},"sceneLighting":false,"audioPlay":false,"sceneViewState":{"m_AlwaysRefresh":false,"showFog":true,"showSkybox":true,"showFlares":true,"showImageEffects":true,"showParticleSystems":true,"showVisualEffectGraphs":true,"m_FxEnabled":true},"in2DMode":false,"pivot":{"x":-0.3956131637096405,"y":0.8278713226318359,"z":-1.7048094272613526},"rotation":{"x":-0.02016538754105568,"y":-0.4805426001548767,"z":0.011056278832256794,"w":-0.8766912817955017},"size":0.20901994407176972,"orthographic":false}