{"cameraMode":{"drawMode":0,"name":"Shaded","section":"Shading Mode"},"sceneLighting":true,"audioPlay":false,"sceneViewState":{"m_AlwaysRefresh":false,"showFog":true,"showSkybox":true,"showFlares":true,"showImageEffects":true,"showParticleSystems":true,"showVisualEffectGraphs":true,"m_FxEnabled":true},"in2DMode":false,"pivot":{"x":-0.27821972966194155,"y":0.49218639731407168,"z":-0.9079071283340454},"rotation":{"x":-0.17980124056339265,"y":0.4726426601409912,"z":-0.09915890544652939,"w":-0.8570156693458557},"size":0.5777740478515625,"orthographic":false}