{"cameraMode":{"drawMode":0,"name":"Shaded","section":"Shading Mode"},"sceneLighting":false,"audioPlay":false,"sceneViewState":{"m_AlwaysRefresh":false,"showFog":true,"showSkybox":true,"showFlares":true,"showImageEffects":true,"showParticleSystems":true,"showVisualEffectGraphs":true,"m_FxEnabled":true},"in2DMode":false,"pivot":{"x":0.1141752302646637,"y":0.4362655282020569,"z":-0.9843687415122986},"rotation":{"x":-0.2840050756931305,"y":-0.08750098943710327,"z":0.026024892926216127,"w":-0.9545078873634338},"size":0.5642881989479065,"orthographic":false}