{"cameraMode":{"drawMode":0,"name":"Shaded","section":"Shading Mode"},"sceneLighting":true,"audioPlay":false,"sceneViewState":{"m_AlwaysRefresh":false,"showFog":true,"showSkybox":true,"showFlares":true,"showImageEffects":true,"showParticleSystems":true,"showVisualEffectGraphs":true,"m_FxEnabled":true},"in2DMode":false,"pivot":{"x":-0.0692499577999115,"y":0.7674455046653748,"z":-1.5766892433166505},"rotation":{"x":-0.16685129702091218,"y":-0.13534171879291535,"z":0.023129090666770936,"w":-0.9763699769973755},"size":0.20608025789260865,"orthographic":false}